[null,{"name":"tpne","permissions":"NONE","restriction":"1","_id":"yPjPG","actions":[{"channel":"1","varName":"","file":"resources/All Alone.mp3","message":"","name":"Send File"},{"channel":"1","varName":"","file":"resources/Animal.mp3","message":"","name":"Send File"},{"channel":"1","varName":"","file":"resources/Fire In My Lungs.mp3","message":"","name":"Send File"},{"channel":"1","varName":"","file":"resources/Go Hard.mp3","message":"","name":"Send File"},{"channel":"1","varName":"","file":"resources/Lose A Dream.mp3","message":"","name":"Send File"},{"channel":"1","varName":"","file":"resources/Lotti Lotti.mp3","message":"","name":"Send File"},{"channel":"1","varName":"","file":"resources/Marijuana.mp3","message":"","name":"Send File"},{"channel":"1","varName":"","file":"resources/No Swishers.mp3","message":"","name":"Send File"},{"channel":"1","varName":"","file":"resources/Over Tonight.mp3","message":"","name":"Send File"},{"channel":"1","varName":"","file":"resources/Purple Moncler.mp3","message":"","name":"Send File"},{"channel":"1","varName":"","file":"resources/The Past.mp3","message":"","name":"Send File"},{"channel":"1","varName":"","file":"resources/The Ration.mp3","message":"","name":"Send File"},{"channel":"1","varName":"","file":"resources/Till My Heart Stop.mp3","message":"","name":"Send File"},{"channel":"1","varName":"","file":"resources/Unexplainable.mp3","message":"","name":"Send File"}]}]